education,identity,name,personal_info,research,url
"  	 Ph.D.TexasA&amp;MUniversity,PE   ","Director of Undergraduate Students, Associate Professor,","Steven C. Borgelt, Ph.D.","Phone: 573-882-7549
	E-mail: BorgeltS@missouri.edu
	Address: 249 Agricultural Engineering Building","Machine design, prescription farming and alternative fuels.",http://asm.missouri.edu/faculty/borgelt-s.php
"  	 Ph.D.,PurdueUniversity,2001  	 M.S.,1997,andB.S.,1995,UniversityofKentucky   ",Associate Extension Professor,"Teng Teeh Lim, Ph.D., P.E.","Phone: 573-882-9519
	Fax: 573-884-5650
	E-mail: limt@missouri.edu
	Address: 230 Agricultural Engineering Building
	Website: web.missouri.edu/~limt/","Web-based, interactive odor setback guideline for livestock facilities. Assessment of baseline dust, odor and gas emissions of livestock facilities. Environmental and ventilation system monitoring, quantification of fan airflow and degradation. Effectiveness and practicality of mitigation methodologies for livestock and poultry industries. Member of interdisciplinary extension teams for swine and dairy industries.",http://asm.missouri.edu/faculty/lim-t.php
"  	 M.S.,ExtensionandAdultEducation,UniversityofMissouri  	 B.S.,1983,AgriculturalMechanization,UniversityofMissouri   ","Extension Associate,",Dan Downing,"Phone: 573-882-0085
	E-mail: DowningD@missouri.edu
	Address: 205 Agricultural Engineering Building","Water quality. All programmatic efforts include the following Extension methods: community capacity building, local empowerment, self-help, community development, field days, and agricultural production meetings. Collaborative efforts have been with: The Natural Resources Conservation Service, Missouri Department of Natural Resources, and Missouri Soil and Water Conservation Districts. Sustainable Agriculture Research and Education Professional Development Program.",http://asm.missouri.edu/faculty/downing-d.php
"  	 M.A.TrumanStateUniversity,1985,Counseling  	 B.S.E.TrumanStateUniversity,1981,Education   ","Instructor, Rural Safety and Health Specialist, Missouri AgrAbility Program Director,",Karen Funkenbusch,"Phone: 573-884-1268
	E-mail: FunkenbuschK@missouri.edu
	Address: 232 Agricultural Engineering Building",ASM Ag Safety,http://asm.missouri.edu/faculty/funkenbusch-k.php
"  	 Ph.D.CaliforniaInstituteofTechnology  	 M.S.CaliforniaInstituteofTechnology  	 B.S.IowaStateUniversity   ",Director of Undergraduate StudiesAssociate Professor,"Heather K. Hunt, Ph.D.","Phone: 573-882-8202
	E-mail: hunthk@missouri.edu
	Address: 263 Agricultural Engineering Building
	Web site: faculty.missouri.edu/hunthk",Biosensing Optical biosensors Inherently-selective sensing materials Materials Optical and Spectroscopic properties Optoelectronic materials Hierarchical materials Nanostructured materials and devices Biocompatible materials Efficient techniques for materials characterization Biophotonics Sensing / detection Wound tracking and assessment Laser dermatology Applications: Environmental monitoring Medical monitoring and diagnostics Materials characterization,http://bioengineering.missouri.edu/faculty/hunt-h.php
"  	 Ph.D.UniversityofMissouri,1978,AgriculturalEngineering  	 M.S.UniversityofMissouri,1975,AgriculturalEngineering  	 B.S.UniversityofMissouri,1974,SanitaryEngineering   ",Professor,"David Brune, Ph.D.","Phone: 573-882-0689
	E-mail: bruned@missouri.edu 
	Address: 229 Agricultural Engineering Building","Extension and research appointment in areas of bioprocessing, and bioenergy engineering, algal culture, aquaculture, agricultural water quality with curriculum-related issues associated with Agricultural Systems Management.",http://asm.missouri.edu/faculty/brune-d.php
"   Ph.D.DepartmentofPhysics,HongKongUniversityofScienceandTechnology,HongKong,People'sRepublicChina   ",Adjunct Professor of BioengineeringProfessor of Physics,"Ping Yu, Ph.D.","Phone: 573-882-7664
	E-mail: yuping@missouri.edu 
	Address: 220 Physics Bldg 
	Website: web.missouri.edu/~yuping","Fluorescent mediated tomography; holographic optical coherence imaging; multiple-band coherence domain imaging; second harmonic generation and third harmonic generation; optoelectronic device based on InGaAs/GaAs quantum dots and ZnO structures; short pulse laser technology, dynamic and digital holography; quantum optics.",http://bioengineering.missouri.edu/faculty/yu-p.php
"  	 M.S.,2006,andB.S.,2001,NorthwestA&amp;FUniversity,China  	 Ph.D.,WashingtonStateUniversity,2014   ",Assistant Professor,Jianfeng Zhou,"Phone: 573-882-2495 
	Email: zhoujianf@missouri.edu
	Address: 211 Agricultural Engineering Building
	Website: faculty.missouri.edu/zhoujianf/",Sensing technologies for high-throughput crop phenotyping (Phenomics) Sensing technologies for Precision Agriculture Mechanical automation and robotics for tree fruit and row crops Big data for agricultural systems management,http://asm.missouri.edu/faculty/zhou-j.php
"  	 Ph.D.inPharmaceuticalSciences,UniversityOfNorthCarolinaatChapelHill,2016   ","Adjunct Professor, Bioengineering","Tojan B. Rahhal, Ph.D.","Phone: 573-882-9140
	E-mail: rahhalt@missouri.edu
	Address: W1025 Thomas & Nell Lafferre Hall","Engineering PRINT Particles for Pulmonary Delivery of Therapeutics Examined the effect of particle parameters (size, shape, composition, and surface chemistry) on residence time, cellular interactions, and immune responses in the lungs More efficient delivery of active therapeutics/biologics using dry powders that allow for monodisperse aerosolization and accurate deposition in the lungs for treatment of pulmonary diseases",http://bioengineering.missouri.edu/faculty/rahhal-t.php
"  	 Ph.D.inBiophysics,NankaiUniversity,1996   ","Professor, Bioengineering","Liqun (Andrew) Gu, Ph.D.","Phone: 573-882-2057
	Phone (Lab): 573-882-2086
	E-mail: GuL@missouri.edu
	Address: 221 Dalton Cardiovascular Research Center
	Web site: gulab.dalton.missouri.edu/","Next-generation single-molecule biosensing approaches for solving problems in genetics, epigenetics, molecular diagnostics, point-of-care, personalized medicine and food science. Biomolecular engineering Nanobiotechnology Biochip Biophysical science of ion channels and cell membrane transportation",http://bioengineering.missouri.edu/faculty/gu-a.php
"  	 Ph.D.BotanyfromtheUniversityofWisconsin,Madison   ",Professor 2018 Presidential Engagement Fellow Biological Sciences,"J. Chris Pires, Ph.D.","Phone: 573-882-0619
	Email: piresjc@missouri.edu
	Address: 371b Bond Life Science Center
	Website: Biological Sciences Faculty Page
Website: IPG Faculty Page
Website: Bond Life Sciences Center Faculty Page
Website: Pires Lab",Plant evolutionary biology Molecular systematics and comparative genomics Whole genome duplication,http://bioengineering.missouri.edu/faculty/pires-c.php
"  	 Ph.D.UniversityofMinnesota   ","Professor Emeritus, Bioengineering and Food Science Fellow, American Society of Agricultural and Biological Engineers Fellow, Institute of Food Technologists","Fu-hung Hsieh, Ph.D.","Phone: 573-882-2444
	E-mail: HsiehF@missouri.edu
	Address: 248 Agricultural Engineering Building","High moisture extrusion of fibrous meat analog. Soy protein is fast becoming a food protein of choice due to its abundant availability and health benefits. One promising and emerging technology for transforming soy proteins into palatable and consumer-acceptable products is high-moisture extrusion, which, unlike low-moisture extrusion, produces a meat analog more resembling muscle food. The objectives of this proposed research are: To develop a technique that can objectively measure the degree of fiber formation in extruded soy proteins. To determine factors affecting fiber formation. To understand protein-protein interactions and fiber formation mechanisms. To determine changes in nutrients and bioactive components following extrusion and conduct animal feeding trials for nutritional performance. Highly functional polyols for polyurethanes derived from vegetable oil. Polyurethanes (PU) are an important class of specialty polymers and have a wide array of commercial applications. All polyurethanes are based on the exothermic reaction of polyisocyanates with polyol molecules. The incorporation of triglyceride-derived polyols into polyurethanes is appealing because vegetable oils (triglycerides) from oilseeds and grains are renewable and because large polyol markets (total global use of polyols reached 4.5 million tons in 2000) could bring premium prices to these commodities. Current polyols produced in the industry using epoxidation/methoxylation of soybean oil as the feedstock contain a significant amount of inactive parts in the molecules. When these polyols are incorporated into the PU polymer structure, they would adversely impact the properties of PU foams. Several novel approaches including a combination of chemical and enzymatic methods are being explored to improve the functionality of polyols derived from vegetable oil in this project. The products will be interesterified with glycerin, diacid and other polyols to increase the crosslinking and functionality of the polyols. Based on the functionality and molecular weight of these new polyols, PU foams will be formulated and prepared and their properties characterized in the laboratory. Feedback from the laboratory and industry will be used to further improve the functionality and the polyols derived from the vegetable oil feedstock. Commercial technologies for highly functional of polyols derived from soybean oil. This project is a continuation of a two-year USB grant that evaluated novel enzymatic, biological, and chemical-enzymatic methods for producing polyols. In this continued effort, an emphasis will be placed on developing commercially competitive processes for producing polyols synthesized at the laboratory scale in the first two years. In addition, applications will be extended to include flexible, plastic and epoxy applications of the respective soy-based polyols and epoxies. A combination of chemical and enzymatic processing will be used to attain the desired polyol and epoxy properties. Extrusion of foods and feeds, processing of grain-based foods, new uses of agricultural materials and biomechanics.",http://bioengineering.missouri.edu/faculty/hsieh-f.php
"  	 Ph.D.(Neurosciences)CaseWesternReserveUniversity  	 M.S.(Physiology)UniversityofConnecticut  	 B.S.(PhysicsandMathematics)EscuelaSuperiordeFisicayMatematicasIPN-Mexico   ",Assistant Professor,"Luis Polo-Parada, Ph.D.","Phone: 573-884-4599 
	E-mail: poloparadal@missouri.edu 
	Address: 134 Research Park Drive Rd.
	Website: poloparadal.dalton.missouri.edu",Ion channel biophysics Electrophysiology Heart development Biosensors Nano Medicine,http://bioengineering.missouri.edu/faculty/polo-parada-l.php
"  	 M.S.,UniversityofIllinoisatUrbana-Champaign  	 M.A.,UniversityofIllinoisatChicago   ",Assistant Teaching Professor EmeritusAssistant Professor,"William ""Bill"" Allen","Phone: 573-884-7863
	E-mail: AllenWi@missouri.edu
	Address: 110 Gentry Hall","Science, Environment and Medical Journalism Narrative Journalism (Creative Nonfiction) Explanatory Reporting Investigative Reporting",http://dass.missouri.edu/agj/faculty/allen-w.php
"  	 D.Sc.,M.S.andB.S.fromWashingtonUniversityinSt.Louis  	 B.A.fromSt.LouisUniversity  	 PostdoctoraltrainingatMaxPlanckInstituteforBiophysicalChemistryinGoettingen,Germany   ",Professor,"Kevin D. Gillis, Ph.D.","Phone: 573-884-8805
	E-mail: GillisK@missouri.edu
	Address: 222B Dalton Cardiovascular Research Center","Biomedical engineering, electrophysiology, exocytosis and bio-micro electro-mechanical systems (BioMEMS).",http://bioengineering.missouri.edu/faculty/gillis-k.php
Education field does not exist. Or check the page!,Engineer I,Jill Jouret,"Phone: 573-882-2111
	E-mail: JouretJE@health.missouri.edu
	Address: 160 Agriculture Engineering Bldg.",This field does not exist. Or check the page!,http://bioengineering.missouri.edu/staff/jouret-j.php
"  	 Ph.D.Engineering(Agricultural),1989,UniversityofNebraska  	 M.S.AgriculturalEngineering,1984,PennsylvaniaStateUniversity  	 B.S.AgriculturalEngineering,1982,PennsylvaniaStateUniversity   ",Extension Assistant Professor,"Joseph Zulovich, Ph.D.","Phone: 573-882-0868
	E-mail: ZulovichJ@missouri.edu
	Address: 231 Agricultural Engineering Building",NPPC manure nutrient management systems study. Evaluating the potential of air-conditioning for swine facilities. Provide technical research support for projects being led by other members of interdisciplinary teams. Conduct statewide Livestock Housing System Program. Provide leadership for Missouri to Midwest Plan Service regarding involvement and publication development. Serve on and provide input to interdisciplinary extension teams serving the swine and dairy industries.,http://fsb.missouri.edu/extension/faculty/zulovich-j.php
Education field does not exist. Or check the page!,Office Support Assistant IV,Logan Howard,"Phone: 573-882-7044
	E-mail: howardlb@missouri.edu
	Address: 254 Agricultural Engineering Building",This field does not exist. Or check the page!,http://bioengineering.missouri.edu/staff/howard-l.php
"  	 Ph.D.IowaStateUniversity,MaterialsEngineering  	 M.S.IowaStateUniversity,BiomedicalEngineering   ",Professor BioengineeringAssociate Dean of Research College of Engineering,"Sheila Grant, Ph.D.","Phone: 573-884-9666
	E-mail: GrantSA@missouri.edu
	Address: 250 Agricultural Engineering Building
	Web site: web.missouri.edu/~grantsa/",Optical biosensors and biomaterials.,http://bioengineering.missouri.edu/faculty/grant-s.php
Education field does not exist. Or check the page!,Adjunct Instructor,Michael J. Leonardelli,"Phone: 573-884-2950
	E-mail: LeonardelliM@missouri.edu
	Address: 250A Stringer Wing

Education

	M.S., Food Science, North Carolina State University, Raleigh NC 
	M.B.A., St. Louis University, St. Louis MO


Teaching

	FS/PS 2195, Grapes and Wines of the World",This field does not exist. Or check the page!,http://foodscience.missouri.edu/faculty/leonardelli-m.php
"   Ph.D.AgriculturalEngineering,UniversityofTennessee,Knoxville   M.S.AgriculturalEngineering,UniversityofArkansas,Fayetteville   B.S.AgriculturalEngineering,UniversityofArkansas,Fayetteville   ",Adjunct Professor,"Earl Vories, Ph.D., P.E.","Phone: 573-379-5431
	E-mail: Earl.Vories@ars.usda.gov 
	Address: Delta Research Center, 147 St Hwy T, PO Box 160 
	Portageville, MO 63873",Agricultural water management Irrigation Precision agriculture Water quality,http://bioengineering.missouri.edu/faculty/vories-e.php
"  	 Ph.D.,UniversityofMissouri-Columbia   ",Professor Emerita,Mary E. Grigsby,Email: grigsbym@missouri.edu,"Sociology of consumption Sociology of culture Sociology of organizations/Rural social organization Science, technology and society studies Social inequality (class, gender, race and ethnicity) Teaching sociology and rural sociology",http://dass.missouri.edu/ruralsoc/faculty/grigsby-m.php
"  	 M.A.UniversityofCalifornia,Berkeley(ExercisePhysiology)  	 Ph.D.UniversityofMichigan(Physiology&amp;Education)  	 Postdoctoral:UniversityofVirginia(Microcirculation)   ",Margaret Proctor Mulligan Professor in Medical Research,"Steven S. Segal, Ph.D.","Phone: 573-882-2553
	E-mail: segalss@health.missouri.edu
	Address: M438 Medical Science Bldg 
	Webpage: School of Medicine and Dalton Cardiovascular Research Center",Blood flow control in the microcirculation Cell-to-cell signaling in blood vessels Sympathetic neural control of the circulation Exercise and neurovascular coupling in skeletal muscle Effects of aging on the cardiovascular system,http://bioengineering.missouri.edu/faculty/segal-s.php
"  	 Ph.D.,UniversityofMissouri-St.Louis   ",Associate Extension Professor,Stephen Jeanetta,"Phone: 573-884-3018
	E-mail: jeanettas@missouri.edu
	Address: 229 Gentry Hall 
	Web site: University of Missouri Extension Community Development",Development of community organizations Curriculum development and teaching in the Community Development Academy Community participation Creating community plans Addressing land-use issues,http://dass.missouri.edu/ruralsoc/faculty/jeanetta-s.php
"  	 Ph.D.,CornellUniversity   ",Associate ProfessorDirector of Graduate Studies,Jere L. Gilles,"Phone: 573-882-3791
	E-mail: gillesj@missouri.edu
	Address: 226 Gentry Hall",Rural social organization Social change and development Sociology of agriculture Natural resource management,http://dass.missouri.edu/ruralsoc/faculty/gilles-j.php
"  	 Ph.D.,UniversityofMissouri-Columbia   ",Assistant Research ProfessorDirector,"Christopher Fulcher, Ph.D.","E-mail: FulcherC@missouri.edu
	Address: 130 Mumford Hall","Using emerging information technologies to evaluate the socio-economic and environmental impacts of group decision making at the state, regional and community level Incorporating tacit and explicit knowledge into decision support systems that help private landowners, citizen groups and government agencies make better management decisions",http://dass.missouri.edu/ruralsoc/faculty/fulcher-c.php
"  	 B.S.,UniversityofMissouri  	 M.S.,Ph.D.,TexasA&amp;MUniversity   ",Adjunct Professor,"E. John Sadler, Ph.D.","Phone: 573-882-1114 x309 
	E-mail: john.sadler@ars.usda.gov; sadlerj@missouri.edu
	Address: 268 Agricultural Engineering Building 
	Website: www.ars.usda.gov/pandp/people/people.htm?personid=4892",Modeling watershed-scale hydrology and water quality. Developing and improving irrigation water management. Evaluating cropping systems for economic and environmental sustainability.,http://bioengineering.missouri.edu/faculty/sadler-j.php
"  	 Ph.D.,UniversityofWisconsinMadisoninEnvironmentandResources   ",Assistant Teaching Professor,Caroline Brock,"Phone: 573-884-3725
	E-mail: BrockCC@missouri.edu
	Address: 230 Gentry Hall 
    Web site: Caroline Brock",Food and agriculture socioeconomics,http://dass.missouri.edu/ruralsoc/faculty/brock-c.php
"  	 M.A.Journalism,UniversityofMissouri   ","Associate Teaching Professor, Program Chair, Adviser Chair",Sharon Wood-Turley,"Phone: 573-882-7645
	E-mail: swt@missouri.edu
	Address: 112 Gentry Hall","Publication editing, design and production Web design, writing and editing",http://dass.missouri.edu/agj/faculty/woodturley-s.php
Education field does not exist. Or check the page!,Instructor,Linda Sowers,"Phone: 573-882-8195
	E-mail: sowersl@missouri.edu  
	Address: 214D Mumford Hall",This field does not exist. Or check the page!,http://dass.missouri.edu/agj/faculty/sowers-l.php
"  	 B.J.Journalism,1984,UniversityofMissouri-Columbia  	 M.A.English-CreativeWriting,2007,UniversityofMissouri   ",Instructor,Nina Furstenau,"Phone: 573-882-1559
	E-mail: furstenaun@missouri.edu
	Address: 221 Gentry Hall",Food and wine writing Agricultural systems reporting Creative non fiction Culture and travel writing,http://dass.missouri.edu/agj/faculty/furstenau-n.php
"  	 Ph.D.,UniversityofMissouri    ",Assistant Teaching Professor Director of Undergraduate Studies Agricultural Education and Leadership,John Tummons,"Phone: 573-882-9599
	E-mail: tummonsj@missouri.edu
	Address: 123 Gentry Hall",Mentoring Employability Skills Employee training,http://dass.missouri.edu/aged/faculty/tummons-j.php
Education field does not exist. Or check the page!,"Vice Chancellor for Extension and Engagement Administration, MU Extension",Marshall Stewart,"Phone: 573-882-2394
	Fax: 573-882-1955
	E-mail: stewartmars@missouri.edu
	Address: 108 Whitten Hall",This field does not exist. Or check the page!,http://dass.missouri.edu/aged/faculty/stewart-m.php
"  	 Ph.D.,AgriculturalandExtensionEducation,OhioStateUniversity    ",Associate Professor Department Chair Director of Graduate Studies Agricultural Education and Leadership,Jon C. Simonsen,"Phone: 573-884-7375
	E-mail: simonsenj@missouri.edu
	Address: 125A Gentry Hall",Teaching and Learning of Leadership in Agricultural Education,http://dass.missouri.edu/aged/faculty/simonsen-j.php
"  	 Ph.D.,OhioStateUniversity   ",ProfessorAssociate Dean and Director of Academic Programs,Bryan L. Garton,"Phone: 573-882-0089 or 1-888-MUCAFNR
	E-mail: GartonB@missouri.edu
	Address: 2-64 Agriculture Building",Learning and teaching styles Academic achievement and retention of college students,http://dass.missouri.edu/aged/faculty/garton-b.php
"  	 Ph.D.,VirginiaTech  	 M.S.,UniversityofFlorida    ",Assistant Professor Director of Student Services Agricultural Education and Leadership,D. Adam Cletzer,"Phone: 573-884-6503
	E-mail: cletzerd@missouri.edu
	Address: 122 Gentry Hall",Ecological and Complexity Leadership Leadership Development,http://dass.missouri.edu/aged/faculty/cletzer-a.php
Education field does not exist. Or check the page!,Office Support Assistant IV,Tammy Carmichael,"Phone: 573-882-4100
	Email: carmichaelt@missouri.edu
	Address: 122 Eckles Hall",This field does not exist. Or check the page!,http://hospitality.missouri.edu/staff/carmichael-t.php
"  	 Ph.D.HigherEducation-SportManagement,OhioUniversity  	 M.S.SportManagement,GeorgiaSouthernUniversity  	 B.S.PhysicalEducation,UNICAMP-Brazil   ",Assistant Teaching Professor,"Mauro Palmero, Ph.D.","Phone: 573-884-3485
	E-mail: palmerom@missouri.edu
	Address: 108A Eckles Hall",Guest Service at Sporting venues and events Atmospherics and fan intention to return Venue\Event Volunteer recruiting &amp; retention Venue\Event Part-time employees recruiting &amp; retention Risk Management at Sporting events &amp; venues,http://hospitality.missouri.edu/faculty/mauro-p.php
"  	 Ph.D.,TheAmericanUniversity–Washington,DC  	 Med.,TheAmericanUniversity–Washington,DC  	 B.A.,GrinnellCollege–Grinnell,IA   ",Associate Teaching Professor,H. Lincoln Marshall,"Phone: 573-882-4100
	E-mail: marshallhl@missouri.edu
	Address: 122 Eckles Hall",Motivational preferences among Caribbean employees Expatriates and repatriation Career choices and Bahamian students Training methods needed for hospitality employees in the Caribbean What factors influencing successful Caribbean cultural events Risk managements at athletic events Developing models to improve sport events evaluation Challenges motivating casino employees Customer relations in casino resorts,http://hospitality.missouri.edu/faculty/marshall-h.php
"  	 Ph.D.,HospitalityManagementandDietetics,KansasStateUniversity,Manhattan,Kansas  	 M.S.,HospitalityManagement,ConradN.HiltonCollegeofHotelandRestaurantManagement,UniversityofHouston,Houston,Texas  	 B.S.,FoodScienceandEngineering,ShanDongPolytechnicUniversity,Jinan,China   ",Assistant Professor,"Pei Liu, Ph.D.","Email: lpei@missouri.edu
	Phone: 573-884-7816
	Address: 117A Eckles Hall",Consumer behaviors in foodservice operations Food safety issues in commercial/institutional foodservice establishments Food safety training in foodservice operations Healthy food marketing,http://hospitality.missouri.edu/faculty/liu-p.php
"  	 J.D.UniversityofMissouri  	 M.S.AgriculturalEconomics,UniversityofMissouri   ",Adjunct Instructor Hospitality Management,"Barry Langford, J.D.","Phone: 573-882-4114
	Email: langfordb@missouri.edu
	Address: 122 Eckles Hall
	Schedule an Appointment","Textbook author of a Hospitality Law Textbook. Langford, ""Hospitality Law,"" Second Edition Kendall Hunt publishing 2014",http://hospitality.missouri.edu/faculty/langford-b.php
"  	 Ph.D.,HospitalityandTourismManagement,PurdueUniversity  	 M.S.,HospitalityandTourismManagement,PurdueUniversity   ",Associate Professor,"Dae-Young Kim, Ph.D.","Phone: 573-884-7185
	E-mail: KimDae@missouri.edu
	Address: 118 Eckles Hall
	Web site: web.missouri.edu/~kimdae/",Information Technology Information search behavior on tourism Web sites. Emerging technologies for use in hospitality and tourism marketing. Web site evaluation. E-commerce. Building Web site brand equity and personality. Hospitality and Tourism Marketing Destination marketing. Customer loyalty. Satisfaction and service quality. Relationship marketing. Market segmentation and target marketing. Advertising and Consumer Behavior Persuasion (effective ways to persuade consumers through channel distribution). Channel effectiveness. Consumer attitudes toward Web advertising. Gender differences. Convention and Meeting Management Convention and event planning. Web site effectiveness in convention industry. Meeting planner information search behavior.,http://hospitality.missouri.edu/faculty/kim-d.php
"  	 Ph.D.,HospitalityAdministration,UniversityofNevada,LasVegas  	 M.S.,HospitalityandTourismManagement,PurdueUniversity  	 M.B.A.,Kyung-HeeUniversity,Korea   ",Associate Professor,"Seonghee Cho, Ph.D.","Phone: 573-882-0563
	E-mail: ChoSeo@missouri.edu
	Address: 222 Eckles Hall",Human Resource Management Measuring effects of human resource management practices on firms' performance. Return on Investment on training. Food safety training for Hispanic employees. Organizational Behavior How organizational supports affect employee attitudes and behaviors. Cultural differences in employee attitudes and behaviors. Intention to stay.,http://hospitality.missouri.edu/faculty/cho-s.php
"  	 Ph.D.,HospitalityManagement,UniversityofMissouri  	 M.S.HospitalityManagement,UniversityofMissouri  	 B.S.HotelandRestaurantManagement,UniversityofMissouri   ",Assistant Teaching Professor,"Amanda Alexander, Ph.D.","Phone: 573-882-3528
	E-mail: alexanderac@missouri.edu
	Address: 117 Eckles Hall","Importance of this segment to the success of special events, festivals, and mega events Motivation Intention Generational differences Effects of social media on service related ""products"" Evolution of channel choice preferences Generational differences Interactions between business and client Influencing decision makers Effects of word of mouth Retention of annual events How services are marketed differently from products, how to overcome the idea of intangibility",http://hospitality.missouri.edu/faculty/alexander-a.php
"  	 Ph.D.,UniversityofMissouri    ",Professor Agricultural Education and LeadershipFaculty Fellow Office of the Provost,Anna Ball,"Phone: 573-882-7451
	E-mail: ballan@missouri.edu
	Address: 127 Gentry Hall",Teacher thinking Teaching methods Reflective thinking in teacher development,http://dass.missouri.edu/aged/faculty/ball-a.php
"  	 Ph.D.,UniversityofMissouri-Columbia   ",Associate Extension Professor,Johanna Reed Adams,"Phone: 573-882-3978
	E-mail: AdamsJR@missouri.edu
	Address: 223 Gentry Hall  
	Web site: University of Missouri Extension Community Development",Curriculum development and teaching in community leadership development Curriculum development and teaching in the Community Development Academy Community resource development Organizational development,http://dass.missouri.edu/ruralsoc/faculty/adams-j.php
"  	 Ph.D.,UniversityofMissouri-Columbia   ","Professor EmeritusVice Provost, International Programs","Handy Williamson, Jr.","Phone: 573-882-9061
	E-mail: ipfd@missouri.edu
	Address: 211 Jesse Hall",Economic development,http://dass.missouri.edu/agecon/faculty/williamson-h.php
"  	 Ph.D.,OklahomaStateUniversity   ",Professor EmeritusExtension Economist,Ronald Plain,"Phone: 573-882-0134
	E-mail: plainr@missouri.edu 
	Address: 222 Mumford 
	Web site: web.missouri.edu/~plainr/",Livestock marketing Farm management Swine production,http://dass.missouri.edu/agecon/faculty/plain-r.php
"  	 Ph.D.,PurdueUniversity   ",Associate Professor Emeritus,Michael Kaylen,This field may not exist. Check with the url.,Tourism Economics Natural Resource Economics,http://dass.missouri.edu/agecon/faculty/kaylen-m.php
"  	 M.S.,ExtensionandAdultEducation,UniversityofMissouri  	 B.S.,1983,AgriculturalMechanization,UniversityofMissouri   ","Extension Associate,",Dan Downing,"Phone: 573-882-0085
	E-mail: DowningD@missouri.edu
	Address: 205 Agricultural Engineering Building","Water quality. All programmatic efforts include the following Extension methods: community capacity building, local empowerment, self-help, community development, field days, and agricultural production meetings. Collaborative efforts have been with: The Natural Resources Conservation Service, Missouri Department of Natural Resources, and Missouri Soil and Water Conservation Districts. Sustainable Agriculture Research and Education Professional Development Program.",http://fsb.missouri.edu/extension/faculty/downing-d.php
"  	 M.S.UniversityofthePhilippines  	 Ph.D.,UniversityofMinnesota   ",Professor Emeritus,William Meyers,"Phone: 573-882-9717
	E-mail: meyersw@missouri.edu
	Address: 226A Mumford Hall 
	Websites: 
	
		CAFNR International Programs
		DASS
		FAPRI",Food security Policy analysis International trade,http://dass.missouri.edu/agecon/faculty/meyers-w.php
"  	 Regionaleconomics   ",Professor Emeritus,Thomas Johnson,"Phone: 573-882-2157
	E-mail: johnsontg@missouri.edu
	Address: 215A Middlebush",This field does not exist. Or check the page!,http://dass.missouri.edu/agecon/faculty/johnson-t.php
"  	 Ph.D.,WashingtonStateUniversity   ",Warning: No /p /strong /b.,Jill Findeis,"Phone: 573-882-7740
	E-mail: findeisj@missouri.edu 
	Address: 215 Gentry Hall","Understanding decision-making behaviors, especially as related to providing food security using environmentally sustainable practices Human health and disease dynamics, and labor utilization Understanding the impacts of public policy reform in spatially-differentiated contexts",http://dass.missouri.edu/agecon/faculty/findeis-j.php
"  	 Ph.D.,IndianaUniversity   ",DeanProfessor and Curators Distinguished Teaching ProfessorDirector,J. Sanford (Sandy) Rikoon,"Phone: 573-882-0861
	E-mail: rikoonj@missouri.edu
	Address: 200A Gentry Hall",Environmental sociology Political ecology Food security Ethnicity,http://dass.missouri.edu/ruralsoc/faculty/rikoon-j.php
Education field does not exist. Or check the page!,Academic Adviser,Jean Gruenewald,"Phone: 573-882-4659
	E-mail: GruenewaldJ@missouri.edu
	Address: W1006 Lafferre Hall",This field does not exist. Or check the page!,http://bioengineering.missouri.edu/staff/gruenewald-j.php
This is an unique page. You may check the page directly.,This is an unique page. You may check the page directly.,Name field may not exist.,This is an unique page. You may check the page directly.,This is an unique page. You may check the page directly.,http://fsb.missouri.edu/extension/faculty/broz-r.php
"  	 Ph.D.,PurdueUniversity   ",Professor McQuinn Chair of Entrepreneurial Leadership,Randall E. Westgren,"Phone: 573-882-5049
	E-mail: westgrenr@missouri.edu
	Address: 141 Mumford Hall 
	Web site: Randall Westgren's pages",Economics of entrepreneurship Strategic management in the agri-food sector Competitiveness,http://dass.missouri.edu/agecon/faculty/westgren-r.php
"  	 Ph.D.NaturalResourcesandEnvironmentalSciences(withaspecializationinEnvironmentalandNaturalResourceSociology),UniversityofIllinoisatUrbana-Champaign   ",Assistant Professor,Hua Qin,"Phone: 573-882-1640
	Email: qinh@missouri.edu
	Address: 216 Gentry Hall 
	Websites: Google Scholar scholar.google.com/citations?user=qSRi8YIAAAAJ&hl=en 
	ORCID orcid.org/0000-0002-3073-5759 
	Opportunity: Graduate Research Assistantship in Rural Sociology and Sustainable Development (PDF)","Sociology of the environment and natural resources Community, sustainability and natural resources Population, development and environmental change Research methods and design",http://dass.missouri.edu/ruralsoc/faculty/qin-h.php
"  	 M.A.TrumanStateUniversity,1985,Counseling  	 B.S.E.TrumanStateUniversity,1981,Education   ","Instructor, Rural Safety and Health Specialist, Missouri AgrAbility Program Director,",Karen Funkenbusch,"Phone: 573-884-1268
	E-mail: FunkenbuschK@missouri.edu
	Address: 232 Agricultural Engineering Building",ASM Ag Safety,http://fsb.missouri.edu/extension/faculty/funkenbusch-k.php
"  	 Ph.D.,IndianaUniversity   ",Professor,David J. O'Brien,"Phone: 573-882-0392
	E-mail: obriendj@missouri.edu
	Address: 109 Gentry Hall 
	Web site: davidjohnobrien.wordpress.com/",Survey research Entrepreneurship Russia/Eastern Europe,http://dass.missouri.edu/ruralsoc/faculty/obrien-d.php
"  	 Ph.D.,ColoradoStateUniversity   ",Professor Emeritus,Jan L. Dauve,"Phone: 573-882-0137
	E-mail: dauvej@missouri.edu
	Address: 202 Mumford Hall  
	Web site: web.missouri.edu/~dauvej/dauvej/","Applied microeconomics, macroeconomics",http://dass.missouri.edu/agecon/faculty/dauve-j.php
"   Ph.D.,MichiganStateUniversity   ",Professor,Judith I. Stallmann,"Phone: 573-882-6455
    E-mail:  stallmannj@missouri.edu
    
    Address: 231 Gentry Hall
    Web site:  University of Missouri Extension Community Development",State and local public finance Community economics Rural development,http://dass.missouri.edu/ruralsoc/faculty/stallmann-j.php
"  	 Ph.D.,UniversityofMissouri-Columbia   ",Associate Professor,Corinne Valdivia,"Phone: 573-882-4020
	E-mail: valdiviac@missouri.edu
	Address: 210 Mumford  
	Web site: corinnevaldivia.wordpress.com/",Economic development,http://dass.missouri.edu/agecon/faculty/valdivia-c.php
"  	 Ph.D.,IowaStateUniversity   ",ProfessorDirector,Patrick Westhoff,"Phone: 573-882-4647 
	E-mail: WesthoffP@missouri.edu 
	Address: 101 Park DeVille Drive, Suite E, Columbia  
	Web site: FAPRI",Policy analysis,http://dass.missouri.edu/agecon/faculty/westhoff-p.php
"  	 Ed.D.,UniversityofMissouri-Columbia   ",Associate Extension Professor,Mary Simon Leuci,"Phone: 573-884-9034
	E-mail: leucim@missouri.edu
	Address: 232 Gentry Hall 
	Web site: University of Missouri Extension Community Development",Community Development Academy Facilitating and designing participatory planning,http://dass.missouri.edu/ruralsoc/faculty/leuci-m.php
"  	 Ph.D.,UniversityofMissouri   ",Associate Professor,Wyatt Thompson,"Phone: 573-882-1864
	E-mail: ThompsonW@missouri.edu
	Address: 101 Park DeVille Drive, Suite E, Columbia   
	Web site: FAPRI",Policy analysis,http://dass.missouri.edu/agecon/faculty/thompson-w.php
"  	 Ph.D.,UniversityofMissouri-Columbia   ",Assistant Professor,Mary Hendrickson,"Phone: 573-882-7463 
	Email: HendricksonM@missouri.edu
	Address: 201 Gentry Hall 
	Websites: 
	Personal Faculty Website
	Local Food Linkages
	Curriculum Vitae",Food and agriculture sociology,http://dass.missouri.edu/ruralsoc/faculty/hendrickson-m.php
"   Ph.D.,MichiganStateUniversity   ",Professor,Judith I. Stallmann,"Phone: 573-882-6455
    E-mail:  stallmannj@missouri.edu
    
    Address: 231 Gentry Hall
    Web site:  University of Missouri Extension Community Development",State and local public finance Community economics Rural development,http://dass.missouri.edu/agecon/faculty/stallmann-j.php
Education field does not exist. Or check the page!,Instructor,Linda Sowers,"Phone: 573-882-8195
	E-mail: sowersl@missouri.edu  
	Address: 224 Mumford Hall",This field does not exist. Or check the page!,http://dass.missouri.edu/agecon/faculty/sowers-l.php
"  	 Ph.D.,WashingtonUniversityinSt.Louis   ",Associate ProfessorDirector,Michael Sykuta,"Phone: 573-882-1738
	E-mail: sykutam@missouri.edu
	Address: 135B Mumford Hall  
	Web site: michaelsykuta.com",Contracting and organizational economics Agribusiness management,http://dass.missouri.edu/agecon/faculty/sykuta-m.php
"  	 Ph.D.AgriculturalBusinessEconomics,WageningenUniversity,TheNetherlands,2012.  	 M.Sc.Economics,EnvironmentandPolicy,WageningenUniversity,TheNetherlands,2008.  	 M.Sc.andB.Sc.AgriculturalEconomics,AristotleUniversityofThessaloniki,Greece,2006.   ",Assistant ProfessorAgricultural and Applied Economics,Theodoros Skevas,"Email: skevast@missouri.edu
	Address: 124 Mumford Hall 
	Phone: 573-882-8496 
	Website: https://teoskev.wixsite.com/skevastheodoros",Production and Risk Analysis Economics of Productivity and Efficiency Dynamic Economic Modeling Agricultural technology adoption,http://dass.missouri.edu/agecon/faculty/skevas-t.php
"  	 Ph.D.,KansasStateUniversity   ",DirectorProfessor,Joe L. Parcell,"Phone: 573-882-7185
	Email: parcellj@missouri.edu 
	Address: 130 Mumford Hall 
	Website: joeparcell.com","Value added agriculture business development, marketing, price analysis, and farm structure",http://dass.missouri.edu/agecon/faculty/parcell-j.php
"  	 Ph.D.,Hotel,RestaurantandInstitutionalManagement,VirginiaPolytechnicInstituteandStateUniversity  	 M.S.,Hotel,RestaurantandInstitutionalManagement,VirginiaPolytechnicInstituteandStateUniversity  	 B.S.,FoodServiceandBusinessAdministration,UtahStateUniversity   ","Chair, Professor","Eliza C. Tse, Ph.D.","Phone: 573-882-4100
	E-mail: tsee@missouri.edu
	Address: 118 Eckles Hall",Strategic management in the hospitality and tourism industry The impact of strategy and structure to company performance Mergers and acquisition in the hospitality industry Turnaround strategy Strategic implication of tourism policy Corporate entrepreneurship and company performance Leadership style on employee performance Impact of globalization on the wine industry Economic impact of hospitality establishments to countries,http://hospitality.missouri.edu/faculty/tse-e.php
Education field does not exist. Or check the page!,Instructor,Jill Moreland,"Phone: 573-884-1756
	E-mail: morelandj@missouri.edu
	Address: 203 Mumford Hall",This field does not exist. Or check the page!,http://dass.missouri.edu/agecon/faculty/moreland-j.php
"  	 Ph.D.,UniversityofFlorida1986FoodandResourceEconomics  	 M.S.,IowaStateUniversity1983AgriculturalEconomics  	 B.S.,IowaStateUniversity1978Agribusiness    ",Associate Professor,Michael Monson,"Phone: 573-882-0153
	E-mail: monsonm@missouri.edu
	Address: 218 Mumford",Farm management and production economics Resource economics,http://dass.missouri.edu/agecon/faculty/monson-m.php
Education field does not exist. Or check the page!,Assistant Teaching Professor,Jamille Palacios Rivera,"Phone: 573-882-5478
	E-mail:  palaciosriveraj@missouri.edu
	Address: 228 Mumford Hall",This field does not exist. Or check the page!,http://dass.missouri.edu/agecon/faculty/rivera-j.php
"  	 Ph.D.,UniversityofFlorida   ",ProfessorDirector,Nicholas Kalaitzandonakes,"Phone: 573-882-0143
	Email: kalaitzandonakesn@missouri.edu
	Address: 125A Mumford 
	Website: EMAC",Economics and strategy of agribusiness innovation Industrial organization of agrifood sector Policy and regulation of agrifood biotechnology,http://dass.missouri.edu/agecon/faculty/kalaitzandonakes-n.php
"  	 Ph.D.,UniversityofMinnesota   ",Professor,Laura McCann,"Phone: 573-882-1304
	E-mail: mccannl@missouri.edu
	Address: 212 Mumford  
	Web site: web.missouri.edu/~mccannl/Home.htm",Environmental economics Economic development,http://dass.missouri.edu/agecon/faculty/mccann-l.php
"  	 Ph.D.,WashingtonUniversityinSt.Louis   ",Professor Chair Director of Graduate Studies,"Harvey S. James, Jr.","Phone: 573-884-9682
	E-mail: HJames@missouri.edu
	Address: 146 Mumford  
	Web site: hsjames2.wordpress.com","Agrifood institutions, networks and organizations Applied ethics Economics of trust, ethics and happiness",http://dass.missouri.edu/agecon/faculty/james-h.php
"  	 Ph.D.,OklahomaStateUniversity   ",Extension Professor,Raymond Massey,"Phone: 573-884-7788
	E-mail: masseyr@missouri.edu 
	Address: 223C Mumford 

  Ray Massey Home Page
  Crop Resource Guide
  Swine Resource Guide
  Useful to Usable Weather Project
  Ag Site Assessment Tool",Manure management Environmental economics from the viewpoint of production agriculture Integrated crop production Precision agriculture Computer applications to agriculture,http://dass.missouri.edu/agecon/faculty/massey-r.php
"  	 Ph.D.,AgriculturalEconomics,IowaStateUniversity  	 M.S.,AgriculturalEconomics,IowaStateUniversity  	 B.S.,AgriculturalBusiness,andEconomics,IllinoisStateUniversity   ",Associate Professor,Kevin Moore,"Phone: 573-882-0144
	E-mail: moorek@missouri.edu 
	Address: 226B Mumford",Non-Agricultural Factors Influencing Natural Resource Values and Management Forage-Livestock System Economics Farm Management and Production Economics,http://dass.missouri.edu/agecon/faculty/moore-k.php
"  	 Ph.D.,UniversityofWisconsin   ",Professor Robert D. Partridge Chair In Cooperative Leadership Agricultural and Applied Economics,Michael Cook,"Phone: 573-882-0127
	Email: cookml@missouri.edu
	Address: 125C Mumford  
	Website: faculty.missouri.edu/cookml/",Agribusiness management Market structure Cooperative theory,http://dass.missouri.edu/agecon/faculty/cook-m.php
Education field does not exist. Or check the page!,InstructorAgricultural and Applied Economics,Martyn Foreman,"Email: foremanm@missouri.edu
	Address: 223D Mumford Hall",This field does not exist. Or check the page!,http://dass.missouri.edu/agecon/faculty/foreman-m.php
"  	 Ph.D.,UniversityofMissouri-Columbia   ",Assistant Extension Professor,D. Scott Brown,"Phone: 573-882-3861
	E-mail: BrownSc@missouri.edu
	Address: 222 Mumford Hall 
	Web site: http://amap.missouri.edu/",Livestock and dairy,http://dass.missouri.edu/agecon/faculty/brown-s.php
Education field does not exist. Or check the page!,Assistant Research Professor,Julian Binfield,"Phone: 573-882-1460
	E-mail: binfieldj@missouri.edu
	Address: 101 Park Deville Dr., Suite E",This field does not exist. Or check the page!,http://dass.missouri.edu/agecon/faculty/binfield-j.php
"  	 Ph.D.andM.S.,OhioStateUniversity   B.S.,IndianInstituteofTechnology,India    ",Robert Buescher Professor,"Satish Nair, Ph.D.","Phone: 573-882-2964
	E-mail: NairS@missouri.edu
	Address: 229 Engineering Building West
	Website: engineering.missouri.edu/neuro/",Dynamical foundations of neuroscience Computational neuroscience and systems biology Uncertainty modeling using adaptive and intelligent techniques,http://bioengineering.missouri.edu/faculty/nair-s.php
"  	 Ph.D.CaseWesternReserveUniversity   ",Teaching Professor,"Andrew McClellan, Ph.D.","Phone: 573-882-1447
	E-mail: McClellanA@missouri.edu
	Address: 213A Lefevre
	Web site: www.biosci.missouri.edu/mcclellan/",Operation of neural networks in the brain and spinal cord that control locomotor function. Computer modeling of neural networks. Calcium imaging of neuronal activity in locomotor networks. Cellular studies of functional neural regeneration following spinal cord injury. Factors that promote neurite outgrowth and synapse formation of neurons in cell culture. Biomedical instrumentation.,http://bioengineering.missouri.edu/faculty/mcclellan-a.php
"  	 Ph.D.UniversityofMissouri,Columbia,Missouri1981   ","Director, Dalton Cardiovascular Research Center Margaret Proctor Mulligan Professor in Medical Research","Gerald A. Meininger, Ph.D.","Phone: 573-882-9662
	Fax: 573-884-4232
	E-mail: meiningerg@missouri.edu 
	Address: 138 Dalton Cardiovascular Research Center
	Webpage: Dalton Cardiovascular Research Center","Cell adhesion, extracellular matrix and cell signaling in the vascular wall Mechanotransduction and mechanodetection in vascular cells Regulation of vascular and cardiac responses to tissue injury by extracellular matrix derived signals Mechanisms of vascular remodeling Mechanisms responsible for the myogenic properties of vascular smooth muscle Applications of Atomic Force Microscopy, fluorescence microscopy and 3D-image analysis for studies of microvascular cell biology and the cyto-architecture and function of the microvessel wall Mechanisms of blood flow autoregulation",http://bioengineering.missouri.edu/faculty/meininger-g.php
Education field does not exist. Or check the page!,Engineer II,David A. Grant,"Phone: 573-882-7510
	E-mail: GrantDav@missouri.edu
	Address: 247 Agriculture Engineering Bldg.",This field does not exist. Or check the page!,http://bioengineering.missouri.edu/staff/grant-d.php
"  	 Ph.D.StevensInstituteofTechnology  	 M.E.andB.E.fromXiвЂ™anJiaotongUniversity   ",Associate Professor,"Hao Li, Ph.D.","Phone: 573-884-5510
	E-mail: liha@missouri.edu
	Address: E2404B Lafferre Hall
	Web site: web.missouri.edu/~liha/",Biomaterials Nanomaterials Medical devices Composite Thin films More information could be found: http://engineering.missouri.edu/person/lih/,http://bioengineering.missouri.edu/faculty/li-h.php
"  	 B.S.–UniversityofWisconsin–Madison,HorticultureNaturalSciences  	 M.S.–UniversityofWisconsin–Madison,Horticulture  	 Ph.D–UniversityofWisconsin–Madison,Agronomy   ",,Dean Volenberg,"Phone: 573-882-0476
	E-mail: volenbergd@missouri.edu
	Address: 214 Waters Hall 
	Satellite Address: 219 Eckles Hall","Grape quality can be quantified using a number of metrics, the same can be said of wine quality. Since wine quality is directly impacted by grape quality, viticultural management practices play an important role in elevating wine quality. Dean VolenbergвЂ™s applied research viticulture program examines the impact of canopy management, vine balance, and integrated pest management practices on grape quality. Although his research is often directed at specific industry concerns having long term implications, his Extension program is dynamic and responsive to seasonal industry needs. Dean has an Extension and research appointment in viticulture and winery operations. His appointment is collaborative effort of the Grape and Wine Institute (GWI) and Plant Sciences Extension. Dean provides viticulture and winery Extension outreach throughout the state that includes grape production and processing. In his position Dean works closely with other members of the viticulture and enology program to transfer knowledge gained through GWI research to grape producers and winery operators.",http://gwi.missouri.edu/faculty/volenberg-d.php
"  	 Ph.D.MechanicalEngineering,PurdueUniversity,2006   ",Assistant Professor Mechanical and Aerospace Engineering,"Matthew R. Maschmann, Ph.D.","Phone: 573-882-2310
	Email: maschmannm@missouri.edu
	Address: E3413 Lafferre Hall
Website: Engineering Faculty Page",Nanoscale material synthesis and assembly Nanoscale mechanics Transport phenomena,http://bioengineering.missouri.edu/faculty/maschmann-m.php
"  	 Ph.D.,UniversityofSouthernCalifornia   ",Assistant Professor,"Jae Wan Kwon, Ph.D.","Phone: 573-882-1447
	E-mail: KwonJ@missouri.edu 
	Address: 231 Engineering Building West 
	Website: mems.missouri.edu",BioMEMS Various biomedical sensors/actuators Micro/nanofluidics Organ tissue printing Cancer detection,http://bioengineering.missouri.edu/faculty/kwon-j.php
Education field does not exist. Or check the page!,Professor of Ophthalmology and Faculty Coordinator Em Vet Path,Martin Katz,"Phone: 573-882-8480
	Email: KatzM@health.missouri.edu
	Address: Ec203 Mason Eye Institute",This field does not exist. Or check the page!,http://bioengineering.missouri.edu/faculty/katz-m.php
"  	 Ph.DIndianInstituteofScience   ","CuratorsвЂ™ Distinguished Professor of Biological Engineering, Physics and Radiology","Kattesh V. Katti MSc.Ed, Ph.D, DSC, FRSC.","Phone: 573-882-5656
	E-mail: KattiK@health.missouri.edu 
	Address: Cancer Nanotechnology Platform, 103 Alton Building Laboratories;301 Business Loop 70 W; Columbia, Missouri 65212, USA

	Website: http://web.missouri.edu/~kattik/katti/katti","Our ongoing research activities involve the development of engineered nanoconstructs with capabilities for site specific targeting of receptor proteins over expressed in breast, pancreatic and prostate cancers. The overall goal has been to target tumor specific peptide functionalized gold nanoparticles on cancer cells/receptors and lesions to be able to detect breast, pancreatic and prostate cancers in early stages through sophisticated molecular imaging. The high Z value of gold is being capitalized for the X ray CT imaging of various tumors. The efficacy of our engineered gold nanoparticles toward endocytosis within cancer cells has allowed accurate detection of circulating tumor cells (CTCs) from breast, pancreatic and prostate cancers, via Photoacoustic techniques, with detection limits reaching 1-10 cancer cells. Radioactive gold nanoparticles (Au-198/199) are inherently therapeutic; through our comparative oncology efforts, we have succeeded in developing targeted therapeutic gold nanoparticles which have shown unprecedented therapeutic efficacy reaching &gt;85% in reduction of tumor volumes in both small animals and in dogs which mimic human tumors. We are also developing nanoparticles-based new therapeutic approaches for the treatment of age related macular degeneracy (AMD) and Pseudo Xanthoma Elasticum (PXE). Green nanotechnology is at the focal point of Katti's approach to pursuing research in nanotechnology as he strongly believes in total elimination of toxic chemicals either for the synthesis or as byproducts in the production of engineered nanoparticles. Toward this end, phytochemicals occluded within plants, herbs or from various sources from mother nature are being used in developing 100% green processes for the development of nano constructs for use in a plethora of medical, agricultural, hygienic and alternate energy (biofuels) applications.",http://bioengineering.missouri.edu/faculty/katti-k.php
"  	 Ph.D.UniversityofMelbourne,Australia   ",,"Michael A. Hill, Ph.D.","Phone: 573-884-4601
	E-mail: hillmi@missouri.edu
	Address: Dalton Cardiovascular Research Ctr, 134 Research Park Drive",Control of the microcirculation Smooth muscle cell contraction and signal transduction Mechanotransduction Structure вЂ“ function relationships in the arteriolar wall Vascular complications in experimental models of diabetes.,http://bioengineering.missouri.edu/faculty/hill-m.php
"   M.D.NationalYang-MingUniversity,Taiwan   Ph.D.JohnsHopkinsUniversity   ",Professor,"Tzyh-Chang Hwang, M.D., Ph.D.","Phone: 573-882-2181
	E-mail: hwangt@health.missouri.edu 
	Address: 222C DCRC
	Websites: 
		School of Medicine Department of Medical Pharmacology and Physiology
		Dalton Cardiovascular Research Center",Ion channel biophysics Electrophysiology Membrane protein structure Transport mechanism Cystic Fibrosis,http://bioengineering.missouri.edu/faculty/hwang-t.php
"  	 Ph.D.Engineering(Agricultural),1989,UniversityofNebraska  	 M.S.AgriculturalEngineering,1984,PennsylvaniaStateUniversity  	 B.S.AgriculturalEngineering,1982,PennsylvaniaStateUniversity   ",Extension Assistant Professor,"Joseph Zulovich, Ph.D.","Phone: 573-882-0868
	E-mail: ZulovichJ@missouri.edu
	Address: 231 Agricultural Engineering Building",NPPC manure nutrient management systems study. Evaluating the potential of air-conditioning for swine facilities. Provide technical research support for projects being led by other members of interdisciplinary teams. Conduct statewide Livestock Housing System Program. Provide leadership for Missouri to Midwest Plan Service regarding involvement and publication development. Serve on and provide input to interdisciplinary extension teams serving the swine and dairy industries.,http://asm.missouri.edu/faculty/zulovich-j.php
"   Ph.D.EotvosLorandUniversity,BudapestHungaryandLandauInstituteforTheoreticalPhysics,Moscow,Russia   ",George H. Vineyard Professor,"Gabor Forgacs, Ph.D.","E-mail: forgacsg@missouri.edu 
	Address: 420 Physics and Astronomy Bldg 
	Website: Forgacslab",Physical Mechanisms of Early Embryonic Development Intracellular Mechanotransduction Biomechanics Across scales Viscoelastic Properties of Tissues Tissue Engineering: building living structures by Organ Printing,http://bioengineering.missouri.edu/faculty/forgacs-g.php
Education field does not exist. Or check the page!,Research Specialist,Connie Gwoyuh Liu,"Phone: 573-882-6656
	E-mail: liugw@missouri.edu
	Address: 135 Eckles Hall",This field does not exist. Or check the page!,http://gwi.missouri.edu/faculty/liu-g.php
"   Ph.D.UniversityofPennsylvania   ",Margaret Proctor Mulligan Professor in Medical Research,"Dongsheng Duan, Ph.D.","Phone: 573-884-9584
	Email: duand@missouri.edu
	Website: Molecular Microbiology and Immunology",Recombinant adeno-associated virus (rAAV) transduction biology Duchenne muscular dystrophy (DMD) gene therapy Duchenne cardiomyopathy Canine model of muscular dystrophy Free radical in muscle function and ageing,http://bioengineering.missouri.edu/faculty/duan-d.php
"  	 Ph.D.(Physics)1982,IndianInstituteofTechnology,Kharagpur  	 M.S.(Physics)1977,JabalpurUniversity,Jabalpur  	 B.S.1975,JabalpurUniversity,Jabalpur   ",LaPierre Chair Professor,"Shubhra Gangopadhyay, Ph.D.","Phone: 573-882-4070
	E-mail: GangopadhyayS@missouri.edu 
	Address: 243 Engineering Building West
	Web site: http://grg.missouri.edu/","Nano/Micro fabrication, Optical biosensors, nanophotonics and biophotonics.",http://bioengineering.missouri.edu/faculty/gangopadhyay-s.php
"  	 Ph.D.UniversityofNebraskaMedicalCenter   ",Margaret Proctor Mulligan Professor,"Michael Davis, Ph.D.","Phone: 573-884-5181
	E-mail: DavisMJ@missouri.edu
	Address: M451 Medical Sciences Building
	Website: School of Medicine",Integrins and mechanotransduction Ion channels and mechanotransduction Vascular smooth muscle electrophysiology Lymphatic vessel physiology Local regulation of flow and pressure,http://bioengineering.missouri.edu/faculty/davis-m.php
"  	 Ph.D.TexasA&amp;MUniversity    ",Assistant Professor,"Peter V. Cornish, Ph.D.","Phone: 573-882-0443
	E-mail: CornishP@missouri.edu
	Address: 117 Schweitzer Hall",Single molecule FRET Optical Tweezers NMR spectroscopy RNA biochemistry Ribosome function and dynamics,http://bioengineering.missouri.edu/faculty/cornish-p.php
Education field does not exist. Or check the page!,Executive Assistant,Secley Kennedy,"Phone: 573-882-2369
	E-mail: kennedyse@missouri.edu
	Address: 212 Agricultural Engineering Building",This field does not exist. Or check the page!,http://fsb.missouri.edu/staff/kennedy-s.php
"  	 Ph.D.,BiomedicalEngineering,TexasA&amp;MUniversity   ",Professor and Director of Graduate Studies in Bioengineering,"Gang Yao, Ph.D.","Phone: 573-884-7529
	Email: YaoG@missouri.edu
	Address: 249 Agricultural Engineering Building
	Website: faculty.missouri.edu/yaog/","Biomedical optics, photon migration in turbid media and subsurface imaging. Tissue optics and non-invasive tissue characterization. Optical imaging in vision studies, dynamic pupil light reflex and cortical imaging. Biomedical instrumentation and signal/image processing.",http://bioengineering.missouri.edu/faculty/yao-g.php
"  	 Ph.D.UniversityofNebraska,PE   ",Professor,"Allen Thompson, Ph.D., P.E.","Phone: 573-882-4004
	E-mail: ThompsonA@missouri.edu
	Address: 251 Agricultural Engineering Building","Irrigation water management, hydrology of submerged flow constructed wetlands, water droplet mechanics and soil erosion mechanics.",http://bioengineering.missouri.edu/faculty/thompson-a.php
"  	 Ph.D.1992,UniversityofCalifornia,Berkeley   ",Professor of Molecular Microbiology & Immunology Joint Professor of Biochemistry,"Donald H. Burke, Ph.D.","Phone: 573-884-1316
	Email: burkedh@missouri.edu
	Address: 471H Bond Life Sciences Center
	Website: Burke Lab
	Website: Biochemistry Faculty Page
	Website: Molecular Microbiology and Immunology Faculty Page",Biochemistry and biology of RNA RNA-protein and RNA-small molecule interactions RNA catalysts The Origin of Life and Metabolic Engineering,http://bioengineering.missouri.edu/faculty/burke-d.php
"  	 Ph.D.OhioStateUniversity,BiologicalEngineering   ",Assistant Professor,"Caixia (Ellen) Wan, Ph.D.","Phone: 573-884-7882
	Email:  wanca@missouri.edu
	Address: 239 Agricultural Eng Bldg
    Website: web.missouri.edu/~wanca",Biofuels and bioproducts Biocatalysis and biotransformation Bioreactor design Fermentation processes Anaerobic digestion,http://bioengineering.missouri.edu/faculty/wan-c.php
Education field does not exist. Or check the page!,Office Support Assistant IV,Jennifer Garrett,"Phone: 573-882-4113
	E-mail: boggsj@missouri.edu
	Address: 246 William Stringer Wing (of Eckles Hall)",This field does not exist. Or check the page!,http://foodscience.missouri.edu/staff/garrett-j.php
Education field does not exist. Or check the page!,Assistant Research Professor &amp; Enology Program Leader,"Misha T. Kwasniewski, Ph.D.","Phone: 573-882-6656
	E-mail: kwasniewskim@missouri.edu
	Address: 221 Eckles Hall

Education

	Ph.D., Cornell University 


Research

	Applying analytical chemistry (LC-MS (Q-TOF), GC-MS, HPLC) to the characterization of factors impacting wine flavor development, from the vineyard through storage. 
	Development of new analytical methods, and equipment appropriate for small to mid-sized winery.
	Working with the Missouri grape and wine industry to optimize processing procedures for cultivars grown in the state.

Teaching

	FS 4440, Principles of Winemaking
	FS 4441, Cellar Operations and Specialty Vinification",This field does not exist. Or check the page!,http://gwi.missouri.edu/faculty/kwasniewski-m.php
"  	 Ph.D.UniversityofNebraska   ","Professor, Director of Graduate Studies","Azlin Mustapha, Ph.D.","Phone: 573-882-2649
	E-mail: MustaphaA@missouri.edu
	Address: 220 Eckles Hall","Food microbiology, rapid and novel molecular and analytical detection methods for foodborne pathogens, investigations of the applications and safety of novel antimicrobial agents.",http://foodscience.missouri.edu/faculty/mustapha-a.php
Education field does not exist. Or check the page!,Research Analyst,Lakdas Fernando,"Phone: 573-882-3317
	E-mail: FernandoL@missouri.edu
	Address: 256 William C Stringer Wing",This field does not exist. Or check the page!,http://foodscience.missouri.edu/staff/fernando-l.php
"  	 Ph.D.MichiganStateUniversity  	 M.S.VirginiaTech   ",Associate Adjunct Professor,"Lillian G. Po, Ph.D.",E-mail: pol@missouri.edu,"Food Safety, focusing on Ethnic Food Safety and food systems Food Processing and quality management",http://foodscience.missouri.edu/faculty/po-l.php
"  	 Ph.D.BioresourceEngineeringfromMcGillUniversity,Canada   ",Assistant Professor,"Kiruba Krishnaswamy, Ph.D.","Phone: 573-882-2339
	E-mail: krishnaswamyk@missouri.edu
	Address: 244 Agricultural Engineering Building","Green Nanotechnology: Nano-encapsulation for drug/micronutrient delivery, extraction of bioactive compounds from medicinal plants, functional foods, nutraceuticals Sustainable Food Engineering: Value addition to food loss and food waste, microwave assisted extraction, post-harvest processing, developing sustainable products, process and technologies Global Food Security: Food fortification to address malnutrition, micronutrient deficiencies (International Development)",http://foodscience.missouri.edu/faculty/krishnaswamy-k.php
Education field does not exist. Or check the page!,Instructor,Rick Linhardt,"Phone: 573-882-1088
	E-mail: LinhardtRD@missouri.edu
	Address: 103 Eckles Hall",This field does not exist. Or check the page!,http://foodscience.missouri.edu/faculty/linhardt-r.php
"  	 Ph.D.NorthCarolinaStateUniversity   ",Associate Professor,"Bongkosh Vardhanabhuti, Ph.D.","Phone: 573-882-1374
	E-mail: VardhanabhutiB@missouri.edu
	Address: 255 William Stringer Wing (of Eckles Hall)","Improving functional properties of dairy proteins. Understanding the relationship between structure, physical properties, stability, and functionality of proteins and mixed protein- polysaccharide systems. Developing protein and polysaccaride complexes having enhanced functional properties",http://foodscience.missouri.edu/faculty/vardhanabhuti-b.php
"  	 Ph.D.UniversityofArkansas,Fayetteville   ",Adjunct Assistant Professor,"Guolu Zheng, Ph.D.","Phone: 573-681-5964
	E-mail: zhengg@missouri.edu
	Address: 211 Foster Hall, Lincoln University",Water quality and food safety. Emphasis is on advancing technology for rapid identification of fecal indicators and water-/food-borne pathogens in waterways and foods. Current research is engaged in developing DNA-based methods for tracking fecal pollution in waters and foods.,http://foodscience.missouri.edu/faculty/zheng-g.php
"   Ph.D.inPhysics,WashingtonUniversityinStLouis   M.S.inPhysics,CreightonUniversity   B.S.inPhysics,CreightonUniversity   ",Assistant Professor Bioengineering Radiology,"Robert Thomen, Ph.D.","Phone: 573-884-9108
	Email: ThomenR@health.missouri.edu
	Address: M210P, Radiology, One Hospital Drive","Thomen's research interests involve hyperpolarized gas MRI of lungs and novel MRI pulse sequences . An MRI typically uses a very large magnetic field to produce a very slight magnetization of atomic nuclei (hydrogen nuclei in particular) which can be detected by the scanner using rf pulses and magnetic field gradients. The fraction of nuclei in a sample which participate in the nuclear magnetic resonance (NMR) phenomenon, and thus MRI, is called its polarization, and at field strengths used in conventional clinical MRI this fraction is on order of parts per million (ppm) - in other words only a few out of every million nuclei contribute to the detected signal of MRI. Hyperpolarization is a process whereby polarization is dramatically increased to a few percent (a 100,000x increase) using laser light rather than a strong magnet. This huge increase in signal is so high that a gas can be imaged in an MRI. Because hyperpolarized gases ( 3 He and 129 Xe) are noble gases, they are chemically inert and can be safely inhaled by a subject so the gas can be imaged as it fills the lungs. Subjects with healthy lungs show relatively homogeneous gas distribution whereas those with lung disease often show regions of defective ventilation. Thomen's studies investigate the nature of lung disease using these hyperpolarized gases and other MRI sequences which can quantify regional pulmonary structure and function.",http://bioengineering.missouri.edu/faculty/thomen-r.php
"  	 M.S.UniversityofHawaii  	 B.S.TexasA&amp;MUniversity   ",Instructor,"Marlena Jones, M.S.","Phone: 573-882-4113
	E-mail: jonesmarl@missouri.edu
	Address: 246 Stringer Wing",FS 1030 Food Science and Nutrition (online) FS 3210 Kitchen Chemistry (online),http://foodscience.missouri.edu/faculty/jones-m.php
"  	 Ph.D.,WashingtonStateUniversity   ",Professor,"Mengshi Lin, Ph.D.","Phone: 573-884-6718
	E-mail: LinMe@missouri.edu
	Address: 254 William Stringer Wing (of Eckles Hall)
	Web site: faculty.missouri.edu/linme/","Establish rapid, novel and noninvasive instrumental methods for the characterization of safety and quality attributes of agricultural and food products.",http://foodscience.missouri.edu/faculty/lin-m.php
"  	 Ph.D.UniversityofMinnesota   ","Director, Food Systems and Bioengineering Chair, Bioengineering James C. Dowell Professor, Bioengineering Fellow, American Institute for Medical and Biological Engineering","Jinglu Tan, Ph.D.","Phone: 573-882-2369
	Email: TanJ@missouri.edu
	Address: 215 Agricultural Engineering Building
	Website: engineers.missouri.edu/tanj/","Image-processing and multivariate classification techniques for tissue differentiation. Microscopic image processing for pathological evaluations (object-density-based segmentation, pathological feature extraction, and expert score prediction), ultrasound image processing (speckle-signal decoupling by wavelets, object/curve detection, fetal head detection and measurement, and speckle feature extraction for tissue differentiation), visible and NIR meat image processing (tissue classification, texture modeling, and sensory score prediction), and multivariate classification method development (generalized Fisher and hybrid). Fluorescence-based biosensing and bioimaging. Plant tissue-based biosensing (modeling of delayed luminescence kinetics in plant tissues, Kalman filtering, physiological state observers, and application in environmental sensing), green fluorescent protein (GFP)-based biosensing (fluorescence modeling, extended Kalman filter for time-delay systems, reaction kinetics, state observers, and application in plant cell cultures). Bioprocess modeling and control. Visual system modeling (ERG signal processing, visual system state estimation, and development of diagnostic tools), method development (time-delay system identification, predictive control, and neural network-based statistical process control), food process control (process identification, sensory-based process control, fuzzy set applications).",http://bioengineering.missouri.edu/faculty/tan-j.php
"  	 Structure/functionofantigenreceptorsoftheadaptiveimmunesystem  	 Developmentofnovelimmunotherapiesbasedonmanipulationofantigenreceptors     	 CancerBiology  	 CellBiology  	 DevelopmentalBiology  	 GeneExpression  	 ImmuneResponsetoPathogens  	 InnateImmunity  	 Inflammation  	 Intracellulartrafficking  	 MolecularEvolution  	 Signaltransduction  	 StructuralBiology  	 Biochemistry  	 Immunology  	 Bioengineering  	 NetworkBiology   ","Associate Professor, BioengineeringAssociate Professor of Surgery & Molecular Microbiology and Immunology, School of Medicine199520022007","Diana Gil Pagés, Ph.D.","Phone: 573-771-8683
	E-mail: GilPagesd@health.missouri.edu
	Address: 1 Hospital Drive, Columbia, MO 65212
	CV: Download PDF",This field does not exist. Or check the page!,http://bioengineering.missouri.edu/faculty/pages-d.php
"  	 Ph.D.ColoradoStateUniversity   ","Associate Professor, Undergraduate Advisor Chair","Andrew Clarke, Ph.D.","Phone: 573-882-2610
	E-mail: ClarkeA@missouri.edu

	Address: 246C William Stringer Wing (of Eckles Hall)","Meat processing technology, with emphasis on restructured or low-fat meat products, supercritical fluid extraction and meat extrusion.",http://foodscience.missouri.edu/faculty/clarke-a.php
"  	 Ph.D.,MechanicalEngineering,UniversityofMissouri    ",Assistant Professor,"Ferris Pfeiffer, Ph.D.","Phone: 573-884-7872
	Email: PfeifferF@missouri.edu
	Address: 160 Ag Engineering Building",Biomechanics; applying numerical methods to simulate the function of new and existing medical devices prior to their implantation into patients; imaging modalities that include better diagnostic tools such as producing dynamic 3D solid models of the lumbar spine from clinical CT and flexion/extension x-rays; physical biomechanical testing to validate the numerical methods developed.,http://bioengineering.missouri.edu/faculty/pfeiffer-f.php
"  	 Ph.D.VirginiaTech.   ","Associate Professor,Program Chair","Ingolf Gruen, Ph.D.","Phone: 573-882-6746
	E-mail: GruenI@missouri.edu
	Address: 246B William Stringer Wing (of Eckles Hall)","Analytical chemistry with applications in food composition, flavor chemistry and the influence of food ingredients on quality attributes of foods.",http://foodscience.missouri.edu/faculty/gruen-i.php
"  	 Ph.D.BiomedicalEngineering,minorinChemicalEngineering,UniversityofMinnesota  	 M.S.ChemicalEngineering,UniversityofColoradoatBoulder  	 B.TechBiochemicalEngineeringandBiotechnology,IndianInstituteofTechnology,Kharagpur  	 PostdoctoraltrainingattheCenterforMicrofluidicsandMedicalDiagnostics,UniversityofNotreDame   ",Associate Professor,"Shramik Sengupta, Ph.D.","Phone: 573-884вЂ“4943
	Fax: 573-882-1115
	E-mail: SenguptaS@missouri.edu
	Address: 252 Agricultural Engineering Building","Nano and Microfluidic Systems for Bio-Diagnostics. His current research is focusing on: Multi-frequency impedance measurement for the rapid detection of JohneвЂ™s Disease JohneвЂ™s Disease is one of the most prevalent chronic diseases in ruminants вЂ“ causing extensive losses to the US cattle industry (estimated to be ~ $ 1.5 Billion annually). Due to the slow-growing nature of the causative organism, Mycobacterium avium ssp paratuberculosis, it currently takes 10-45 days to detect the presence of the causative bacterium in test samples. Sengupta and William Fales, Ph.D., propose to develop a microfluidic platform and an electrical impedance based measurement technique to provide the same information in one-fourth the time (or even quicker). The technique relies on the effects of microfluidic geometry and the ability of individual live bacteria to store electric charge to pick up signatures of bacterial proliferation (or lack thereof) in liquid media. The microfluidic platform also potentially enables a large number of experiments in parallel in cheap disposable cassettes, thereby cutting diagnostic costs as well. Collaborator: William Fales, Ph.D., (Veterinary Pathobiology) Multi-frequency impedance measurement for the rapid detection of antibiotic susceptibility in clinical samples (e.g. blood cultures) Essentially, the same core technology used for the previous (JohneвЂ™s Disease) project, can, with modifications, be utilized to rapidly estimate the antibiotic susceptibility profile of various pathogens. Preliminary experiments indicate that they can establish the antibiotic susceptibility profiles of fast growing bacteria (such as E coli) in less than 7 hours (as opposed to 2-5 days using currently used technologies). Nano-particle aided separation and detection of pathogens ""Real world"" samples, whether clinical, food or environmental typically contain target pathogens at either concentrations too low to be detected, or mixed with many other species. Sengupta, Shubhra Gangopadhyay, Ph.D. and Luis Polo-Parada, Ph.D., are looking at how to use nano-particles (conjugated to antibodies) to enhance both the separability and the detectablity of target species/strains. At this point, they are looking to develop a generic platform that can, in the future, be tailored to specific applications in the enfironmental, food science, medical diagnostics, and bio-defense areas. Collaborators: Shubhra Gangopadhyay, Ph.D., (LaPierre Chair and Joint Professor, Departments of Electrical Engineering, Biological Engineering and Physics) and Luis Polo-Parada, Ph.D., (Medical Pharmacology and Physiology)",http://bioengineering.missouri.edu/faculty/sengupta-s.php
"  	 Ph.D.BioresourceEngineeringfromMcGillUniversity,Canada   ",Assistant Professor,"Kiruba Krishnaswamy, Ph.D.","Phone: 573-882-2339
	E-mail: krishnaswamyk@missouri.edu
	Address: 244 Agricultural Engineering Building","Green Nanotechnology: Nano-encapsulation for drug/micronutrient delivery, extraction of bioactive compounds from medicinal plants, functional foods, nutraceuticals Sustainable Food Engineering: Value addition to food loss and food waste, microwave assisted extraction, post-harvest processing, developing sustainable products, process and technologies Global Food Security: Food fortification to address malnutrition, micronutrient deficiencies (International Development)",http://bioengineering.missouri.edu/faculty/krishnaswamy-k.php
"  	 Ph.D.inPhysics,BrownUniversity  	 B.S.inElectricalandElectronicsEngineeringandinPhysics,BogaziciUniversity   ","Assistant Professor, Bioengineering","Ilker Ozden, Ph.D.","Phone: 573-884-3686
	E-mail: ozdeni@missouri.edu
	Address: 240 Agricultural Engineering Building","Ozden's research focus on understanding (1) the interactive roles of the cortex, basal ganglia and cerebellum in motor control and learning, and (2) how disrupted neural signaling across these brain regions leads to motor deficits, such as those in Parkinson's disease. His lab uses optogenetics, multichannel electrophysiology and functional imaging in healthy and diseased rodent models to identify components of abnormal brain activity responsible for motor deficits, and develops methods to target these components for therapy.",http://bioengineering.missouri.edu/faculty/ozden-i.php
"  	 Ph.D.IndianInstituteofScience   ",Associate Professor,"Raghuraman Kannan, Ph.D.","Phone: 573-882-5676
	E-mail: kannanr@health.missouri.edu
	Address: 207, Alton Buildings, 301 Business loop 70W",Design and development of biocompatible gold nanoparticles/lanthanide functionalized nanoparticles Utilization of nanoparticles as cancer imaging and therapy agents Clinical translation of nanoparticles/utilization of nanoparticles as antimicrobials,http://bioengineering.missouri.edu/faculty/kannan-r.php
"  	 Biochemistry  	 Bioengineering  	 Networkbiology  	 Immunology  	 Autoimmunityandtolerance  	 Cancerbiology  	 Cellbiology  	 Developmentalbiology  	 Immuneresponsetopathogens  	 Signaltransduction   ","Associate Professor, BioengineeringAssociate Professor of Molecular Microbiology & Immunology and Surgery, School of Medicine20022007:http://www.ncbi.nlm.nih.gov/sites/myncbi/adam.schrum.1/bibliography/44958421/public/?sort=date&direction=ascending","Adam Schrum, Ph.D.","Phone: 573-771-7411
	E-mail: schruma@health.missouri.edu
	Address: M627 Medical Sciences Building, Columbia, MO 65212",This field does not exist. Or check the page!,http://bioengineering.missouri.edu/faculty/schrum-a.php
"  	 Ph.D.,ChemicalandBiologicalEngineering,StateUniversityofNewYorkatBuffalo,Buffalo,N.Y.    ",Associate Professor,"Shinghua Ding, Ph.D.","Phone: 573-884-2489
	Fax: 573-884-4232
	E-mail: DingS@missouri.edu
	Address: 324E Dalton Cardiovascular Research Center","Ding is an assistant professor in the Department of Biological Engineering and an investigator at the Dalton Cardiovascular Research Center at the University of Missouri-Columbia. His current research is focusing on: Glial cell function and neuron-glia interactions in central nervous system. In addition to neurons, other types of brain cells, generally called glia. Glial cell includes three subtypes: oligodendrocytes, microglia and astrocytes. Ding is interested in how astrocytes respond to pathological stimulations, specifically the alteration of Ca2+ signaling and its effect on neuronal function since Ca2+ elevation in astrocyte causes the release of neurotransmitters. He uses two-photon microscopy to imaging Ca2+ signaling in vivo and electrophysiology to record electric signal in our study. Stem cell differentiation and transplantation. The discovery of stem cells that can generate neuronal tissue has raised new possibilities for repairing the nervous system. The key to the success of neuron-replacement therapies is the integration of transplanted cells into the host nervous system. Ding's goal is to understand the mechanism of stem cell differentiation and study the function of stem cells after differentiation. He uses electrophysiology, fluorescent imaging and immunocytochemistry to achieve our goal. Ultimately, Ding will transplant stem cells into mouse brain to study the therapeutic effect of stem cell on neurodegenerative disease. Ion channel function and modulation. Ion channels are membrane proteins that can close and open in response to membrane potential change, ligand binding and mechanical force. The channels allow ions to flow down to electrochemical potential to produce electrical signal, activate signal transduction pathways, regulate cell volume, and mediate fluid and electrolyte transport. Ding is interested in studying the function and modulation of ion channel using electrophysiology and molecular biology.",http://bioengineering.missouri.edu/faculty/ding-s.php
"  	 B.S.UniversityofColorado,1984,ChemicalEngineering  	 Ph.D.UniversityofColorado,1993,ChemicalEngineering   ",Associate Professor,"William A. Jacoby, Ph.D., P.E.","E-mail: Jacoby@missouri.eduOffice:
		Address: 234 Agricultural Engineering Building
		Phone: 720-255-6707
	Laboratory:
		Address: Carbon Recycling Center, Eckles 224B
		Phone: 573-884-4723","Processing biomass and carbonaceous residues into energy, fuels and chemicals using supercritical fluids.",http://bioengineering.missouri.edu/faculty/jacoby-b.php
"  	 Ph.D.StanfordUniversity   ","Dean, College of Engineering Fellow, AIMBE","Elizabeth Loboa, Ph.D.","Phone: 573-882-4378
	Email: EGLoboa@missouri.edu
	Address: W1025 Lafferre Hall
	Website: College of Engineering",Tissue engineering &amp; Biomaterials Regenerative medicine and wound healing Stem cells,http://bioengineering.missouri.edu/faculty/loboa-e.php
"   Ph.D.UniversityofMissouri,Bioengineering   M.S.UniversityofArkansas,BiomedicalEngineering   B.S.UniversityofArkansas,BiologicalEngineering   ",Adjunct Assistant Teaching Professor,"Charles Darr, Ph.D.","Phone: 573-882-7044
	Email: DarrCM@missouri.edu
	Address: 257 Agricultural Engineering Building",BE 2080 - Introduction to Programming for Engineers,http://bioengineering.missouri.edu/faculty/darr-c.php
"  	 M.S.AcademicAdvising,KansasStateUniversity  	 B.C.RecreationAdministration,CentralMethodistUniversity   ","Academic Advisor, Division of Food Systems & Bioengineering",Christina E. Vanatta,"Phone: 573-882-4114
	Email: vanattac@missouri.edu
	Address: 112 Eckles Hall","Advises students in Agricultural Management Systems, Food Science, and Hospitality Management with general advising topics such as understanding general education and program requirements, course selection, degree planning, as well as how and when to access campus resources.",http://hospitality.missouri.edu/staff/vanatta-c.php
"  	 Ph.D.TexasA&amp;MUniversity,1989,AgriculturalEngineering  	 M.S.UniversityofMissouriColumbia,1982,AgriculturalEngineering  	 B.S.UniversityofMissouriColumbia,1979,AgriculturalEngineering   ","Associate Professor, Associate Professor,","Steven C. Borgelt, Ph.D., P.E.","Phone: 573-882-7549
	E-mail: BorgeltS@missouri.edu
	Address: 254 Agricultural Engineering Building",Sustainable Systems Machine System Design,http://bioengineering.missouri.edu/faculty/borgelt-s.php
"  	 Ph.D.UniversityofNebraska,PE   ",Professor,"Allen Thompson, Ph.D.","Phone: 573-882-4004
	E-mail: ThompsonA@missouri.edu
	Address: 251 Agricultural Engineering Building","Irrigation water management, hydrology of submerged flow constructed wetlands, water droplet mechanics and soil erosion mechanics.",http://asm.missouri.edu/faculty/thompson-a.php
"   PhDForestryandEnvironmentalStudies,YaleUniversity   MSEarthSystemScienceandPolicy,UniversityofNorthDakota   BSCivilEngineering,UniversityofPeradeniya   ",Assistant Professor,"Noel Aloysius, Ph.D.","Phone: 573-882-7328
	Email: aloysiusn@missouri.edu
	Address: 254 Ag Engineering Building","Hydroclimatology with emphasis on modeling at watershed to regional scale; water and food security assessment; coupled human-natural systems; environmental change; land and water management in agriculture; remote-sensing for natural resource management Regions of interest: North America, Central Africa and South Asia",http://bioengineering.missouri.edu/faculty/aloysius-n.php
"  	 Ph.D.UniversityofIllinois,PE   ",Adjunct Professor,"Kenneth A. Sudduth, Ph.D.","Phone: 573-882-1114 x303
	E-mail: SudduthK@missouri.edu
	Address: 245 Agricultural Engineering Building
	Web site: www.ars.usda.gov/pandp/people/people.htm?personid=5478","Sensors, controls and systems for crop production and precision agriculture.",http://bioengineering.missouri.edu/faculty/sudduth-k.php
Education field does not exist. Or check the page!,"Director, Chair and James C. Dowell Professor","Jinglu Tan, Ph.D.",This field may not exist. Check with the url.,This field does not exist. Or check the page!,http://fsb.missouri.edu/about/director.php
This is an unique page. You may check the page directly.,This is an unique page. You may check the page directly.,Trent M. Guess,This is an unique page. You may check the page directly.,This is an unique page. You may check the page directly.,https://healthprofessions.missouri.edu/physical-therapy-program/personnel/trent-m-guess/
"  	 Ph.D.IowaStateUniversity,1987,AgriculturalEducationandAgriculturalMechanization  	 M.S.NorthDakotaStateUniversity,1984,AgriculturalEducationandVocationalEducation  	 B.S.NorthDakotaStateUniversity,1977,AgriculturalEducationandPhysicalSciences   ",Program Chair Professor,"Leon Schumacher, Ph.D.","Phone: 573-882-2126
	Email: SchumacherL@missouri.edu
	Address: 207 Agricultural Engineering Building
	Website: faculty.missouri.edu/~schumacherl/","Energy conservation including biodiesel, biomass and ethanol. Curriculum-related issues associated with Agricultural Systems Management.",http://asm.missouri.edu/faculty/schumacher-l.php
This field does not exist.,Assistant DeanDirector,"Rob Kallenbach, Ph.D.","Email
										KallenbachR@missouri.edu
									
																											
										Phone
										573-882-6385
									
																																													
										Address
										2-28 Ag Building","Robert Kallenbach has an extension/research appointment in forages. His program emphasizes forage-livestock systems with an emphasis on winter feeding. Specific projects include optimizing the use of stockpiled tall fescue, understanding residual feed intake in beef cattle, and performance of stocker cattle in season-long systems.
As assistant dean, Kallenbach is responsible for the day-to-day leadership including development, implementation, coordination and evaluation of the campus and statewide agriculture and natural resources extension programs for Missouri.
Kallenbach also serves as the director of the Commercial Ag Program.",https://cafnr.missouri.edu/person/rob-kallenbach/?department=cafnr
